INSERT INTO Publisher(PubID, Pub_name) VALUES
(10000,'Wiley'),
(10001,'McGraw-Hill'),
(10002,'Coyote Publishing'),
(10003,'Amazon'),
(10004,'Jerrys Ice Cream'),
(10005,'Buy a Boat'),
(10006,'Flagstaff Publishing'),
(10007,'Ram West');

INSERT INTO Author (AuthorID, first_name, last_name) VALUES 
(101,'Bobby','Ewing'),
(102,'Red','Skelton'),
(201,'Thomas','Magnum'),
(202,'Julie','Barnes'),
(203,'Roger','Ramjet'),
(204,'Mickey','Hart'),
(205,'Grace','Slick'),
(206,'Perry','Mason'),
(207,'Dickey','Betts'),
(208,'Waco','Kid'),
(209,'Roger','Thornhill'),
(210,'Scottie','Ferguson'),
(301,'Barbara','Wright'),
(302,'John','Crichton'),
(303,'Aeon','Flux'),
(304,'Robert','Crawley');

INSERT INTO Phone (PNumber, num_type) VALUES
('970-555-1000','(c)'),
('970-555-1010','(h)'),
('970-555-1100','(o)'),
('303-555-1200','(h)'),
('303-555-1210','(c)'),
('970-555-1400','(c)'),
('970-555-1600','(h)'),
('970-555-1800','(c)'),
('970-555-1900','(h)'),
('970-555-2000','(h)'),
('970-555-2010','(c)'),
('970-555-2001','(h)'),
('970-555-2020','(c)'),
('970-555-2300','(o)'),
('970-555-2400','(h)'),
('970-555-2401','(c)'),
('970-555-2403','(o)'),
('970-555-2402','(c)'),
('970-555-5000','(o)'),
('970-555-5010','(o)'),
('970-555-5020','(o)'),
('970-555-5030','(o)'),
('970-555-5040','(o)'),
('970-555-5050','(o)'),
('970-555-5060','(o)'),
('970-555-5070','(c)'),
('970-555-5080','(o)');

INSERT INTO Book (ISBN, Title, PubID, date_published) VALUES 
('96-42103-10001','How to Grow Tomatoes',10006,'1963/02/10'),
('96-42103-10002','Mr. Smith Goes to Washington',10007,'2010/03/23'),
('96-42103-10003','Studying is Your Friend',10000,'1955/04/11'),
('96-42103-10004','To Have and To Cherish',10003,'2011/06/01'),
('96-42103-10005','Hal Finds a Home',10003,'2001/03/15'),
('96-42103-10006','Last Train to Clarksville',10004,'1999/10/30'),
('96-42103-10007','How to Digitally Sign',10004,'2003/11/21'),
('96-42103-10008','Sam Needs a Friend',10005,'2013/12/23'),
('96-42103-10009','Downton Abbey',10002,'2005/12/14'),
('96-42103-10011','Database Theory',10001,'2010/01/14'),
('96-42103-10022','Challenging Puzzles',10001,'1988/03/15'),
('96-42103-10033','American Football',10006,'2011/02/08'),
('96-42103-10034','European Football',10003,'2015/08/08'),
('96-42103-10040','Where to Start',10003,'2012/05/09'),
('96-42103-10054','Lacey Discovers Herself',10002,'2013/06/12'),
('96-42103-10068','Mr. Ed',10001,'2009/09/03'),
('96-42103-10081','Escape from Gilligans Island',10000,'2009/03/29'),
('96-42103-10093','Fixing Computers',10000,'2010/01/29'),
('96-42103-10109','Red Burn',10000,'2011/01/20'),
('96-42103-10206','Taks McGrill',10003,'2000/02/21'),
('96-42103-10300','Eating Healthy',10004,'1999/02/16'),
('96-42103-10401','How to Grow Cucumbers',10006,'1945/03/14'),
('96-42103-10502','Gardening Tips',10007,'1973/08/16'),
('96-42103-10604','Using the Library',10003,'1993/09/09'),
('96-42103-10709','Too Many Cooks',10006,'1983/01/03'),
('96-42103-10800','Green is Your Friend',10006,'2000/03/22'),
('96-42103-10907','Cubs Win!',10002,'2005/06/02'),
('96-42103-11003','Missing Tomorrow',10001,'2005/09/01'),
('96-42103-11800','Blue is Your Friend',10002,'2010/03/20'),
('96-42103-11604','Eating in the Fort',10002,'1993/01/09'),
('96-42103-11709','Green Eggs',10003,'1983/01/05');

INSERT INTO written_by (AuthorID, ISBN) VALUES 
(101,'96-42103-10001'),
(208,'96-42103-10001'),
(102,'96-42103-10002'),
(203,'96-42103-10003'),
(201,'96-42103-10003'),
(209,'96-42103-10004'),
(302,'96-42103-10004'),
(304,'96-42103-10004'),
(204,'96-42103-10005'),
(101,'96-42103-10006'),
(102,'96-42103-10007'),
(302,'96-42103-10007'),
(209,'96-42103-10008'),
(210,'96-42103-10008'),
(301,'96-42103-10008'),
(304,'96-42103-10009'),
(207,'96-42103-10011'),
(208,'96-42103-10011'),
(203,'96-42103-10022'),
(202,'96-42103-10033'),
(202,'96-42103-10034'),
(205,'96-42103-10040'),
(203,'96-42103-10040'),
(201,'96-42103-10054'),
(202,'96-42103-10054'),
(210,'96-42103-10068'),
(101,'96-42103-10081'),
(204,'96-42103-10081'),
(102,'96-42103-10093'),
(304,'96-42103-10109'),
(208,'96-42103-10109'),
(210,'96-42103-10206'),
(301,'96-42103-10206'),
(207,'96-42103-10300'),
(208,'96-42103-10300'),
(101,'96-42103-10401'),
(203,'96-42103-10401'),
(201,'96-42103-10502'),
(202,'96-42103-10502'),
(201,'96-42103-10604'),
(303,'96-42103-10709'),
(201,'96-42103-10709'),
(301,'96-42103-10800'),
(302,'96-42103-10800'),
(102,'96-42103-10907'),
(301,'96-42103-10907'),
(204,'96-42103-11003'),
(205,'96-42103-11003'),
(206,'96-42103-11003'),
(207,'96-42103-11003');

INSERT INTO Member (MemberID, first_name, last_name, gender, DOB) VALUES 
(1000,'Wiley','Coyote','M','1961/09/10'),
(1100,'Bugs','Bunny','M','1990/06/24'),
(1200,'Olive','Oyl','F','1989/07/19'),
(1300,'Alice','Wonderland','F','1989/07/19'),
(1400,'Roger','Ramjet','M','1985/01/13'),
(1500,'Larry','Lujack','M','1940/06/06'),
(1600,'Thomas','Tankengine','M','1991/04/01'),
(1700,'Amber','Corwin','F','1970/12/01'),
(1800,'Dworkin','Barimen','M','1950/12/02'),
(1900,'Bel','Garion','M','1983/01/01'),
(2000,'Pol','Gara','F','1963/01/10'),
(2001,'Art','Clark','M','2001/12/06'),
(2002,'Edith','Crawley','F','1962/09/04'),
(2003,'John','Bates','M','2001/12/12'),
(2004,'Thomas','Barrow','M','2005/05/05'),
(2005,'John','Watson','M','1975/02/22'),
(2006,'Jim','Moriarty','M','1967/03/12'),
(2007,'Walter','White','M','1983/05/14'),
(2008,'Skyler','White','F','1983/04/12'),
(2009,'Dexter','Morgan','M','1994/07/11'),
(2010,'Rita','Bennett','F','2001/11/12'),
(2011,'Sun','Kwon','F','1988/10/19'),
(2012,'John','Locke','M','2000/01/01'),
(2013,'Clair','Littleton','F','2001/02/01'),
(2015,'Claire','Bennet','F','2001/03/11'),
(2016,'Mohinder','Suresh','M','1993/04/15'),
(2017,'Chloe','Sullivan','F','2007/05/16'),
(2018,'Martha','Kent','F','1954/02/13'),
(2019,'Paige','Matthews','F','1977/03/16'),
(2020,'Leo','Wyatt','M','2000/10/01'),
(2021,'Buffy','Summers','F','2000/05/26'),
(2022,'Xander','Harris','M','2001/06/23');

INSERT INTO Library(name, street, city, state) VALUES
('Main','42 South Main','Fort Collins','CO'),
('South Park','4000 South College','Fort Collins','CO');

INSERT INTO author_phone (AuthorID, PNumber) VALUES
(101,'970-555-1000'),
(101,'970-555-1010'),
(102,'970-555-1100'),
(201,'303-555-1200'),
(202,'303-555-1200'),
(202,'303-555-1210'),
(203,'970-555-1400'),
(205,'970-555-1600'),
(206,'970-555-1600'),
(207,'970-555-1800'),
(208,'970-555-1900'),
(209,'970-555-2000'),
(209,'970-555-2010'),
(210,'970-555-2001'),
(301,'970-555-2020'),
(302,'970-555-2300'),
(303,'970-555-2400'),
(303,'970-555-2401'),
(303,'970-555-2403'),
(304,'970-555-2400'),
(304,'970-555-2402'),
(304,'970-555-2403');

INSERT INTO publisher_phone (PubID, PNumber) VALUES
(10000,'970-555-5000'),
(10001,'970-555-5010'),
(10002,'970-555-5020'),
(10003,'970-555-5030'),
(10004,'970-555-5040'),
(10005,'970-555-5050'),
(10006,'970-555-5060'),
(10006,'970-555-5070'),
(10007,'970-555-5080');

INSERT INTO borrowed_by (MemberID, ISBN, checkout_date, checkin_date) VALUES 
(1100,'96-42103-10604','2016/04/13','2016/04/17'),
(1100,'96-42103-10604','2016/03/09','2016/03/10'),
(1100,'96-42103-10003','2016/03/23','2016/03/24'),
(1100,'96-42103-10401','2016/05/14','2016/05/16'),
(1100,'96-42103-10001','2016/04/27','2016/04/30'),
(1100,'96-42103-10040','2016/05/16','2016/05/16'),
(1100,'96-42103-10709','2016/05/18','2016/05/21'),
(1100,'96-42103-10081','2016/03/15','2016/03/17'),
(1200,'96-42103-10081','2016/04/10','2016/04/16'),
(1200,'96-42103-10093','2016/03/27','2016/03/29'),
(1200,'96-42103-10109','2016/04/15','2016/04/18'),
(1300,'96-42103-10022','2016/03/09','2016/03/10'),
(1300,'96-42103-10206','2016/05/11','2016/05/14'),
(1300,'96-42103-10007','2016/05/11','2016/05/12'),
(1300,'96-42103-10001','2016/03/28','2016/04/04'),
(1300,'96-42103-10008','2016/04/20','2016/04/26'),
(1400,'96-42103-10033','2016/03/26','2016/03/29'),
(1400,'96-42103-10800','2016/03/04','2016/03/06'),
(1400,'96-42103-10008','2016/05/24','2016/05/29'),
(1400,'96-42103-10007','2016/05/06','2016/05/11'),
(1400,'96-42103-11003','2016/03/05','2016/03/10'),
(1400,'96-42103-10022','2016/03/04','2016/03/07'),
(1500,'96-42103-10004','2016/05/14','2016/05/16'),
(1500,'96-42103-10800','2016/04/02','2016/04/05'),
(1600,'96-42103-10206','2016/05/21','2016/05/27'),
(1600,'96-42103-10002','2016/05/04','2016/05/09'),
(1600,'96-42103-10011','2016/03/20','2016/03/20'),
(1600,'96-42103-10800','2016/05/10','2016/05/13'),
(1600,'96-42103-10300','2016/03/22','2016/03/24'),
(1700,'96-42103-10040','2016/05/18','2016/05/21'),
(1700,'96-42103-10604','2016/04/17','2016/04/18'),
(1700,'96-42103-11003','2016/04/17','2016/04/20'),
(1700,'96-42103-10004','2016/04/05','2016/04/11'),
(1700,'96-42103-10081','2016/03/05','2016/03/08'),
(1700,'96-42103-10800','2016/04/22','2016/04/28'),
(1800,'96-42103-10011','2016/04/25','2016/04/26'),
(1900,'96-42103-10008','2016/05/01','2016/05/01'),
(2000,'96-42103-10093','2016/04/12','2016/04/12'),
(2000,'96-42103-10005','2016/05/17','2016/05/21'),
(2000,'96-42103-10109','2016/05/09','2016/05/11'),
(2000,'96-42103-10006','2016/05/08','2016/05/11'),
(2001,'96-42103-10040','2016/04/22','2016/04/25'),
(2002,'96-42103-10040','2016/05/22','2016/05/27'),
(2002,'96-42103-10008','2016/04/21','2016/04/25'),
(2002,'96-42103-10081','2016/03/04','2016/03/06'),
(2002,'96-42103-10006','2016/04/27','2016/05/02'),
(2003,'96-42103-10040','2016/04/09','2016/04/14'),
(2003,'96-42103-10033','2016/03/14','2016/03/15'),
(2003,'96-42103-10068','2016/04/12','2016/04/16'),
(2004,'96-42103-10800','2016/05/13','2016/05/17'),
(2004,'96-42103-10040','2016/04/27','2016/05/02'),
(2004,'96-42103-10007','2016/04/21','2016/04/23'),
(2004,'96-42103-10907','2016/05/09','2016/05/10'),
(2004,'96-42103-10800','2016/05/24','2016/05/28'),
(2005,'96-42103-10011','2016/04/20','2016/04/22'),
(2006,'96-42103-10800','2016/04/04','2016/04/04'),
(2007,'96-42103-10709','2016/03/13','2016/03/17'),
(2007,'96-42103-10033','2016/03/19','2016/03/24'),
(2007,'96-42103-10068','2016/04/19','2016/04/20'),
(2008,'96-42103-10502','2016/03/12','2016/03/14'),
(2008,'96-42103-11003','2016/04/04','2016/04/08'),
(2009,'96-42103-10022','2016/03/24','2016/03/30'),
(2009,'96-42103-10709','2016/04/12','2016/04/15'),
(2009,'96-42103-10022','2016/04/10','2016/04/10'),
(2009,'96-42103-10009','2016/03/20','2016/03/22'),
(2009,'96-42103-10033','2016/04/30','2016/05/02'),
(2009,'96-42103-10007','2016/03/07','2016/03/13'),
(2009,'96-42103-10002','2016/04/12','2016/04/13'),
(2009,'96-42103-10709','2016/04/30','2016/05/03'),
(2009,'96-42103-10054','2016/04/29','2016/05/02'),
(2011,'96-42103-10093','2016/04/20','2016/04/20'),
(2011,'96-42103-10011','2016/03/09','2016/03/11'),
(2011,'96-42103-10081','2016/03/15','2016/03/20'),
(2011,'96-42103-10800','2016/05/29',NULL),
(2011,'96-42103-11003','2016/03/06','2016/03/08'),
(2011,'96-42103-10040','2016/03/10','2016/03/16'),
(2012,'96-42103-10009','2016/03/28','2016/03/29'),
(2012,'96-42103-10006','2016/03/24','2016/03/28'),
(2012,'96-42103-11003','2016/04/04','2016/04/09'),
(2012,'96-42103-10008','2016/04/26','2016/04/28'),
(2012,'96-42103-10002','2016/05/27',NULL),
(2013,'96-42103-10008','2016/04/19','2016/04/23'),
(2013,'96-42103-10054','2016/03/26','2016/03/29'),
(2013,'96-42103-10033','2016/05/17','2016/05/21'),
(2015,'96-42103-10009','2016/03/15','2016/03/19'),
(2016,'96-42103-10033','2016/04/28','2016/04/30'),
(2016,'96-42103-10907','2016/04/22','2016/04/28'),
(2016,'96-42103-10206','2016/05/09','2016/05/14'),
(2016,'96-42103-10907','2016/03/06','2016/03/08'),
(2016,'96-42103-10907','2016/03/21','2016/03/22'),
(2016,'96-42103-10001','2016/04/07','2016/04/08'),
(2016,'96-42103-10206','2016/05/15','2016/05/15'),
(2017,'96-42103-10709','2016/04/20','2016/04/25'),
(2017,'96-42103-10300','2016/05/20','2016/05/26'),
(2017,'96-42103-10093','2016/03/19','2016/03/23'),
(2017,'96-42103-10300','2016/05/01','2016/05/05'),
(2017,'96-42103-10004','2016/03/14','2016/03/16'),
(2018,'96-42103-10033','2016/03/05','2016/03/07'),
(2018,'96-42103-10004','2016/03/25','2016/03/27'),
(2018,'96-42103-10907','2016/03/16','2016/03/20'),
(2018,'96-42103-10008','2016/05/10','2016/05/10'),
(2018,'96-42103-10033','2016/04/01','2016/04/07'),
(2018,'96-42103-10300','2016/04/05','2016/04/10'),
(2018,'96-42103-10206','2016/03/05','2016/03/11'),
(2018,'96-42103-10709','2016/04/20','2016/04/25'),
(2018,'96-42103-10206','2016/05/12','2016/05/17'),
(2019,'96-42103-10009','2016/03/11','2016/03/12'),
(2020,'96-42103-10022','2016/04/09','2016/04/10'),
(2020,'96-42103-10206','2016/05/13','2016/05/18'),
(2020,'96-42103-10093','2016/04/08','2016/04/12'),
(2020,'96-42103-10401','2016/05/29',NULL),
(2021,'96-42103-10033','2016/03/14','2016/03/16'),
(2021,'96-42103-10001','2016/05/21','2016/05/26'),
(2021,'96-42103-10054','2016/04/29','2016/04/30'),
(2022,'96-42103-10009','2016/03/25','2016/03/29'),
(2022,'96-42103-10011','2016/05/03','2016/05/06'),
(2022,'96-42103-10109','2016/04/16','2016/04/21'),
(2022,'96-42103-11003','2016/06/01',NULL),
(2022,'96-42103-10081','2016/03/26','2016/03/30'),
(2022,'96-42103-10093','2016/03/27','2016/03/29'),
(2022,'96-42103-10502','2016/03/26','2016/04/01'),
(2022,'96-42103-10003','2016/05/06','2016/05/09');


INSERT INTO locatedAt (name, ISBN, total_copies, num_not_checked_out, shelf_num, floor_num) VALUES
('Main','96-42103-10001',3,3,1,1),
('Main','96-42103-10002',1,0,1,1),
('Main','96-42103-10003',1,1,1,1),
('Main','96-42103-10004',2,2,2,1),
('Main','96-42103-10005',1,1,2,1),
('Main','96-42103-10006',1,1,2,1),
('Main','96-42103-10007',2,2,3,1),
('Main','96-42103-10008',2,2,3,1),
('Main','96-42103-10009',2,2,3,1),
('Main','96-42103-10011',2,2,4,1),
('Main','96-42103-10022',3,3,4,1),
('Main','96-42103-10033',3,3,4,1),
('Main','96-42103-10034',1,1,5,2),
('Main','96-42103-10040',2,2,5,2),
('Main','96-42103-10054',2,2,5,2),
('Main','96-42103-10068',1,1,6,2),
('Main','96-42103-10081',1,1,6,2),
('Main','96-42103-10093',1,1,6,2),
('Main','96-42103-10109',1,1,6,2),
('Main','96-42103-10206',1,1,7,2),
('Main','96-42103-10300',2,2,7,2),
('Main','96-42103-10401',2,1,7,2),
('Main','96-42103-10502',1,1,7,2),
('Main','96-42103-10604',2,2,8,2),
('Main','96-42103-10709',3,3,8,2),
('Main','96-42103-10800',2,1,8,2),
('Main','96-42103-10907',7,7,8,2),
('Main','96-42103-11003',3,1,8,2),
('South Park','96-42103-10001', 1, 1, 8, 3),
('South Park','96-42103-10002', 1, 1, 8, 3),
('South Park','96-42103-10003', 1, 1, 8, 3),
('South Park','96-42103-10004', 1, 1, 8, 3),
('South Park','96-42103-10005', 1, 1, 8, 3),
('South Park','96-42103-10006', 1, 1, 8, 3),
('South Park','96-42103-10007', 3, 3, 7, 3),
('South Park','96-42103-10008', 3, 3, 7, 3),
('South Park','96-42103-10009', 1, 1, 7, 3),
('South Park','96-42103-10011', 1, 1, 7, 3),
('South Park','96-42103-10022', 2, 2, 7, 3),
('South Park','96-42103-10033', 3, 3, 7, 3),
('South Park','96-42103-10040', 1, 1, 4, 2),
('South Park','96-42103-10054', 1, 1, 4, 2),
('South Park','96-42103-10068', 1, 1, 4, 2),
('South Park','96-42103-10081', 1, 1, 4, 2),
('South Park','96-42103-10093', 1, 1, 4, 2),
('South Park','96-42103-10109', 1, 1, 4, 2),
('South Park','96-42103-10206', 1, 1, 4, 2),
('South Park','96-42103-10300', 1, 1, 4, 2),
('South Park','96-42103-10401', 1, 1, 3, 2),
('South Park','96-42103-10502', 1, 1, 3, 2),
('South Park','96-42103-11604', 2, 2, 3, 2),
('South Park','96-42103-11709', 1, 1, 3, 2),
('South Park','96-42103-11800', 2, 2, 3, 2),
('South Park','96-42103-10907', 7, 7, 3, 2),
('South Park','96-42103-11003', 2, 2, 3, 2);
